{
    "batch_size": 128,
    "gamma": 0.972965030025702,
    "gradient_steps": 3,
    "learning_rate": 0.0004754190950707318,
    "policy_kwargs": {
        "net_arch": [
            256,
            256
        ]
    },
    "tau": 0.050361483732328946,
    "use_sde": true
}